Date,ProductID,CustomerID,Region,SalesRep,Quantity,Amount
2024-05-25,15,1035,East,Cynthia,2,508
2023-05-24,8,1030,North,Cynthia,1,424
2024-08-31,2,1088,West,Alice,9,3204
2023-07-20,3,1030,East,Cynthia,2,480
2023-05-04,14,1078,South,David,8,2152
2023-07-06,14,1006,East,David,9,2421
2023-11-22,11,1067,East,Bob,4,996
2024-04-08,16,1080,North,Bob,8,1040
2023-12-15,4,1007,East,Alice,9,3537
2024-10-21,20,1052,South,Bob,5,1995
2024-02-07,5,1014,North,David,7,707
2023-12-12,14,1073,North,Alice,4,1076
2024-05-25,16,1015,West,Alice,1,130
2023-05-27,18,1021,West,Bob,3,402
2023-05-28,7,1035,East,David,5,1575
2024-12-11,10,1066,West,Alice,3,414
2024-05-03,7,1091,West,David,7,2205
2024-10-01,1,1002,West,David,9,2439
2024-07-04,19,1035,North,David,6,1938
2023-12-04,16,1082,North,Bob,1,130
2024-10-02,19,1078,North,Cynthia,7,2261
2024-04-17,4,1020,West,Cynthia,3,1179
2023-05-31,18,1082,North,Alice,5,670
2024-02-19,2,1010,West,David,4,1424
2023-10-25,1,1025,North,Bob,5,1355
2024-09-02,15,1066,North,David,5,1270
2023-09-20,5,1025,South,David,6,606
2023-05-24,20,1054,East,Bob,6,2394
2023-12-12,11,1033,West,Cynthia,8,1992
2024-09-15,10,1036,South,David,8,1104
2024-07-25,2,1095,North,David,9,3204
2023-01-02,3,1014,West,Cynthia,8,1920
2023-10-31,12,1065,North,Bob,2,534
2023-09-11,20,1080,East,Alice,1,399
2024-10-13,5,1054,South,Cynthia,2,202
2024-03-28,5,1052,East,Alice,2,202
2023-02-06,6,1003,South,Alice,3,996
2023-06-09,9,1099,North,Cynthia,7,896
2023-01-09,2,1041,East,David,2,712
2023-08-21,12,1006,East,Alice,1,267
2023-04-09,3,1025,North,Alice,6,1440
2024-10-20,20,1013,East,Bob,9,3591
2023-07-27,12,1098,West,David,3,801
2023-05-11,17,1008,South,Alice,6,2658
2024-02-08,10,1021,South,Bob,3,414
2023-06-01,14,1098,South,David,1,269
2023-02-23,17,1068,West,Cynthia,5,2215
2023-04-30,18,1025,South,Cynthia,4,536
2024-11-03,19,1079,North,Bob,7,2261
2024-09-19,17,1068,East,Cynthia,6,2658
2024-08-09,14,1045,West,Alice,7,1883
2024-09-16,9,1060,South,David,5,640
2024-02-24,8,1012,North,Alice,4,1696
2024-02-26,2,1032,East,Alice,7,2492
2023-04-14,13,1096,East,Cynthia,7,2450
2023-09-11,7,1092,West,Alice,6,1890
2023-08-15,9,1013,West,Cynthia,8,1024
2023-04-22,11,1031,West,David,4,996
2024-05-24,14,1078,North,David,5,1345
2024-04-17,4,1020,North,Alice,4,1572
2023-04-09,13,1018,West,Bob,1,350
2023-06-02,2,1093,South,Cynthia,8,2848
2023-12-04,5,1060,East,Cynthia,1,101
2024-12-06,11,1063,East,Alice,5,1245
2023-06-12,6,1006,North,Cynthia,6,1992
2024-12-20,18,1032,East,Cynthia,6,804
2024-11-11,10,1093,South,Bob,5,690
2023-06-10,4,1043,East,Bob,3,1179
2024-08-02,9,1002,North,Alice,5,640
2024-02-02,6,1060,North,Bob,8,2656
2023-10-04,2,1023,South,Alice,2,712
2024-05-18,17,1083,South,David,6,2658
2024-01-27,5,1031,East,Alice,9,909
2023-05-15,6,1005,East,David,8,2656
2023-07-14,12,1083,North,Alice,8,2136
2024-02-05,10,1034,South,Cynthia,8,1104
2024-10-01,6,1010,South,Bob,7,2324
2023-02-02,8,1089,South,David,8,3392
2024-11-18,2,1002,East,Alice,6,2136
2024-04-04,12,1011,South,Bob,2,534
2024-04-14,13,1050,North,Alice,2,700
2024-01-10,7,1031,North,Bob,8,2520
2023-01-22,10,1056,East,Bob,1,138
2024-10-31,13,1079,West,Alice,6,2100
2023-02-07,17,1073,East,David,6,2658
2023-08-18,14,1087,West,David,4,1076
2023-12-31,2,1083,South,Cynthia,3,1068
2024-07-16,11,1009,East,Bob,3,747
2024-03-13,1,1099,North,Cynthia,1,271
2023-10-10,19,1021,South,Cynthia,3,969
2023-01-27,4,1073,North,Alice,4,1572
2023-08-14,19,1028,South,Alice,5,1615
2023-10-04,11,1062,East,Alice,3,747
2024-08-31,8,1007,West,Bob,6,2544
2023-10-11,11,1080,South,Alice,5,1245
2024-04-25,4,1016,West,Alice,3,1179
2024-03-28,17,1097,South,Bob,6,2658
2024-10-20,7,1004,North,Bob,6,1890
2024-05-30,8,1004,North,David,8,3392
2024-06-30,3,1040,South,Alice,2,480
2023-07-11,2,1017,West,Alice,1,356
2023-02-18,15,1052,East,Alice,4,1016
2024-05-26,5,1093,East,David,7,707
2023-01-17,1,1052,North,Alice,3,813
2023-06-21,4,1036,East,David,3,1179
2023-08-08,15,1038,North,Cynthia,5,1270
2023-06-07,20,1050,East,David,5,1995
2024-04-21,19,1063,South,Cynthia,3,969
2023-02-15,3,1063,North,Alice,9,2160
2024-01-08,20,1062,North,Cynthia,4,1596
2024-06-01,11,1099,South,David,3,747
2023-04-09,17,1007,North,Bob,2,886
2023-02-06,13,1027,East,Cynthia,9,3150
2023-10-07,11,1092,East,Cynthia,4,996
2023-12-15,2,1086,North,Alice,3,1068
2024-05-11,9,1014,East,David,7,896
2023-10-29,2,1071,West,Cynthia,8,2848
2023-06-30,9,1086,North,Cynthia,2,256
2024-08-29,9,1005,South,Cynthia,7,896
2023-04-09,8,1055,West,Cynthia,5,2120
2024-11-30,17,1002,North,Bob,5,2215
2023-04-26,1,1062,South,David,3,813
2023-07-10,11,1091,East,Alice,5,1245
2023-09-10,8,1021,South,Alice,2,848
2023-06-10,10,1079,West,Bob,4,552
2023-09-13,7,1021,East,David,6,1890
2023-11-19,3,1010,North,Cynthia,1,240
2023-05-08,3,1087,East,Bob,4,960
2023-01-18,18,1058,North,David,6,804
2024-07-19,5,1039,North,Cynthia,9,909
2024-07-23,12,1005,South,Bob,2,534
2023-11-19,12,1065,South,David,7,1869
2024-11-16,19,1013,South,Alice,6,1938
2024-09-17,6,1085,West,Alice,2,664
2023-10-15,2,1090,West,David,8,2848
2024-10-24,12,1085,South,Alice,7,1869
2024-09-30,19,1053,West,David,5,1615
2023-06-04,5,1082,East,Cynthia,5,505
2024-05-04,12,1045,East,David,7,1869
2024-01-21,17,1032,West,Cynthia,9,3987
2023-04-14,17,1036,West,Bob,9,3987
2024-01-28,10,1081,East,David,9,1242
2023-09-03,17,1099,North,Bob,6,2658
2023-06-25,15,1060,East,Alice,6,1524
2023-02-08,12,1011,East,Cynthia,3,801
2024-04-21,16,1063,West,David,1,130
2024-11-12,19,1021,East,Bob,7,2261
2024-06-21,8,1052,West,Cynthia,4,1696
2024-02-12,17,1055,West,Cynthia,1,443
2024-06-08,5,1026,South,Alice,8,808
2024-05-20,16,1068,East,Alice,6,780
2023-02-05,6,1034,North,Cynthia,6,1992
2024-11-15,8,1052,South,Cynthia,2,848
2023-01-20,18,1082,West,David,1,134
2023-11-17,12,1099,West,Cynthia,2,534
2024-05-26,15,1093,North,David,4,1016
2024-02-04,9,1052,West,Cynthia,2,256
2024-10-15,13,1029,East,Alice,1,350
2024-04-15,15,1038,South,David,7,1778
2023-05-23,10,1042,West,Bob,8,1104
2023-04-02,16,1021,West,Alice,6,780
2023-12-20,7,1042,North,David,4,1260
2024-12-27,17,1013,East,David,6,2658
2023-02-20,7,1064,West,Bob,3,945
2024-10-26,14,1017,North,David,8,2152
2024-11-28,15,1009,West,Cynthia,2,508
2024-07-28,7,1041,North,Bob,5,1575
2023-07-09,9,1001,North,Alice,1,128
2023-05-05,19,1002,East,Alice,6,1938
2023-05-30,16,1060,West,Cynthia,2,260
2023-11-10,8,1048,East,Alice,4,1696
2024-07-23,18,1029,North,David,6,804
2023-12-08,18,1097,South,David,8,1072
2023-11-01,20,1010,West,Cynthia,8,3192
2024-11-22,7,1058,South,Alice,6,1890
2024-11-12,3,1060,West,Alice,4,960
2023-02-23,18,1021,East,Cynthia,8,1072
2024-03-19,10,1028,East,Bob,8,1104
2024-09-04,7,1075,East,Alice,1,315
2023-09-21,17,1034,East,Bob,4,1772
2023-02-22,14,1008,East,Alice,4,1076
2024-07-25,3,1059,South,Alice,7,1680
2024-09-11,12,1086,East,Alice,7,1869
2023-01-05,13,1072,North,Alice,8,2800
2023-04-13,2,1049,North,David,5,1780
2023-07-15,3,1079,South,Bob,7,1680
2023-12-16,5,1017,West,Bob,8,808
2023-02-16,11,1060,North,Alice,9,2241
2024-10-17,8,1087,West,Alice,3,1272
2023-09-26,12,1088,South,Bob,3,801
2024-01-05,7,1045,West,David,4,1260
2024-09-27,15,1083,West,Cynthia,5,1270
2023-04-16,17,1069,West,Cynthia,1,443
2024-10-31,4,1032,West,Bob,7,2751
2024-10-20,13,1044,South,Alice,9,3150
2024-10-18,18,1065,North,Alice,8,1072
2023-04-30,1,1087,East,David,5,1355
2024-08-26,16,1008,West,Cynthia,4,520
2023-02-27,13,1077,North,David,7,2450
2023-12-12,10,1072,North,Cynthia,5,690
2024-04-18,12,1087,South,Bob,7,1869
2023-04-27,2,1043,North,Cynthia,1,356
2023-05-07,3,1001,South,David,1,240
2024-01-28,10,1051,West,David,3,414
2024-10-02,2,1024,West,David,2,712
2023-02-27,13,1099,East,Bob,2,700
2024-09-25,13,1024,East,Cynthia,7,2450
2024-05-27,18,1017,East,Cynthia,2,268
2023-04-06,3,1005,North,David,4,960
2024-09-29,7,1020,West,Cynthia,2,630
2023-04-28,14,1021,South,Alice,6,1614
2024-07-13,20,1058,East,Alice,8,3192
2024-08-23,17,1031,South,Alice,4,1772
2024-05-02,12,1100,South,Cynthia,5,1335
2023-08-25,16,1011,East,Bob,4,520
2023-09-29,12,1052,West,Bob,3,801
2023-07-08,15,1015,East,Bob,5,1270
2024-12-04,10,1083,South,Bob,9,1242
2024-03-22,7,1007,East,Alice,8,2520
2024-08-03,20,1028,South,Alice,8,3192
2023-09-04,5,1051,South,David,8,808
2023-03-17,1,1058,East,Cynthia,8,2168
2023-06-03,17,1005,North,Cynthia,7,3101
2024-10-17,3,1005,East,Bob,8,1920
2024-03-10,13,1094,North,Alice,8,2800
2023-03-27,14,1096,South,Bob,8,2152
2024-11-27,18,1008,South,David,7,938
2023-10-12,4,1064,North,Cynthia,1,393
2023-08-08,18,1010,South,Cynthia,4,536
2023-03-10,5,1038,North,Bob,4,404
2023-02-16,16,1096,North,David,5,650
2023-04-04,1,1092,South,Cynthia,6,1626
2024-03-28,14,1081,West,David,4,1076
2023-07-23,15,1095,North,David,2,508
2023-08-06,9,1008,East,Bob,6,768
2024-04-18,15,1025,East,Alice,8,2032
2024-03-07,17,1073,South,Bob,8,3544
2023-12-07,4,1066,West,Alice,7,2751
2024-07-04,12,1079,South,David,6,1602
2024-09-03,5,1050,West,Alice,2,202
2023-10-16,5,1067,North,David,7,707
2023-09-11,11,1049,North,Cynthia,5,1245
2023-12-23,6,1036,North,Cynthia,6,1992
2023-01-23,7,1068,North,Cynthia,8,2520
2024-06-05,14,1078,East,Bob,8,2152
2023-04-10,11,1041,East,Bob,3,747
2023-06-29,13,1089,South,David,7,2450
2023-08-11,2,1062,West,Cynthia,1,356
2024-10-20,7,1010,North,Bob,1,315
2024-03-17,20,1021,North,Cynthia,7,2793
2024-08-30,4,1036,West,Bob,9,3537
2023-11-21,8,1012,West,Alice,7,2968
2024-05-30,20,1091,South,Alice,5,1995
2023-01-16,19,1002,West,Cynthia,8,2584
2023-12-02,13,1013,North,David,2,700
2023-09-15,14,1053,North,Bob,9,2421
2024-05-11,10,1032,North,Bob,6,828
2023-06-09,11,1095,North,Alice,9,2241
2024-04-19,2,1016,North,Alice,2,712
2024-10-25,9,1032,South,David,3,384
2024-11-20,17,1032,North,David,8,3544
2024-11-05,3,1098,South,David,1,240
2024-01-15,6,1011,North,Cynthia,7,2324
2024-06-28,5,1010,East,Alice,7,707
2024-11-21,5,1015,East,Cynthia,1,101
2024-03-02,15,1017,East,Alice,9,2286
2024-09-04,17,1040,East,Alice,8,3544
2023-09-25,9,1018,South,Bob,4,512
2024-07-30,3,1055,South,Alice,5,1200
2024-02-21,20,1073,West,Alice,2,798
2023-06-17,17,1025,North,Cynthia,9,3987
2023-02-12,10,1059,East,Alice,6,828
2024-07-09,3,1078,South,Cynthia,3,720
2023-10-12,18,1089,North,David,7,938
2024-02-01,18,1022,North,Alice,9,1206
2023-01-12,17,1030,South,Alice,3,1329
2024-08-29,3,1084,East,Cynthia,2,480
2023-10-29,3,1085,West,David,7,1680
2023-09-10,6,1044,North,Bob,7,2324
2024-05-13,13,1032,West,David,4,1400
2023-02-04,15,1051,East,Cynthia,9,2286
2024-12-27,9,1046,East,David,8,1024
2023-03-31,4,1021,West,Cynthia,1,393
2024-08-27,14,1099,East,Cynthia,1,269
2024-08-24,5,1032,North,Bob,5,505
2024-02-22,2,1094,West,Alice,6,2136
2023-04-25,11,1039,East,Cynthia,3,747
2024-09-08,9,1012,West,Cynthia,9,1152
2023-07-15,3,1047,North,Bob,6,1440
2024-05-15,9,1018,East,Cynthia,4,512
2024-09-17,3,1021,North,Alice,7,1680
2024-05-07,2,1013,East,Bob,8,2848
2023-03-16,12,1021,South,Alice,9,2403
2024-02-17,10,1008,East,Alice,6,828
2024-01-11,9,1046,West,Bob,6,768
2024-02-24,15,1007,East,Cynthia,8,2032
2024-12-29,8,1023,North,Alice,5,2120
2023-10-04,5,1096,North,Alice,3,303
2024-11-06,11,1075,East,Alice,3,747
2024-01-29,2,1086,West,Alice,6,2136
2024-04-01,15,1022,South,Bob,2,508
2023-07-11,6,1089,West,Bob,6,1992
2024-11-19,8,1022,South,David,6,2544
2023-04-09,5,1092,North,David,8,808
2024-07-01,16,1029,West,Alice,7,910
2023-04-06,18,1013,South,Cynthia,8,1072
2024-10-25,6,1082,East,Alice,9,2988
2024-10-24,5,1002,North,Cynthia,6,606
2023-07-09,16,1029,East,Alice,3,390
2023-02-06,13,1085,North,David,3,1050
2024-01-04,5,1079,West,David,1,101
2024-11-25,13,1052,West,Cynthia,5,1750
2024-06-08,17,1027,North,Alice,4,1772
2023-10-06,18,1050,North,Cynthia,9,1206
2023-08-05,8,1095,North,David,9,3816
2023-09-30,13,1079,West,Alice,5,1750
2023-03-03,19,1023,South,Alice,4,1292
2024-08-18,3,1088,East,Cynthia,7,1680
2024-12-29,8,1044,East,Bob,6,2544
2023-12-08,2,1077,West,Cynthia,4,1424
2024-02-01,8,1022,East,David,2,848
2024-11-29,13,1043,North,David,1,350
2023-01-19,13,1037,South,David,4,1400
2023-06-26,1,1061,East,David,4,1084
2024-09-03,6,1097,South,David,1,332
2024-01-31,19,1056,North,Bob,6,1938
2024-03-20,16,1003,East,Alice,4,520
2023-08-21,8,1063,West,Cynthia,1,424
2023-03-17,1,1019,South,Cynthia,1,271
2023-09-22,16,1023,North,David,1,130
2024-03-30,9,1029,South,Cynthia,8,1024
2024-12-18,13,1030,East,David,8,2800
2024-01-19,11,1039,East,Bob,2,498
2024-07-17,13,1025,West,Bob,7,2450
2024-05-20,10,1008,North,Alice,8,1104
2024-01-02,4,1058,North,Bob,8,3144
2023-05-24,6,1016,West,Bob,7,2324
2023-03-10,7,1072,West,Alice,5,1575
2023-04-09,5,1001,North,Cynthia,1,101
2024-01-31,11,1005,South,David,9,2241
2023-01-25,13,1003,South,David,7,2450
2024-04-13,19,1065,West,Cynthia,2,646
2024-04-28,10,1004,South,Alice,6,828
2024-07-18,10,1099,North,Cynthia,2,276
2023-05-31,11,1096,East,Bob,1,249
2023-05-24,7,1064,East,Alice,7,2205
2024-07-22,18,1098,South,Alice,2,268
2023-02-08,4,1089,West,Alice,2,786
2023-04-19,2,1010,West,David,5,1780
2024-11-23,14,1021,West,Cynthia,5,1345
2023-02-11,13,1046,West,Alice,7,2450
2023-07-05,12,1091,West,Alice,1,267
2024-02-02,7,1027,South,Alice,8,2520
2023-08-11,2,1066,East,Cynthia,3,1068
2024-09-25,13,1041,East,David,4,1400
2023-05-13,14,1013,South,Bob,9,2421
2023-06-12,17,1009,West,David,4,1772
2023-08-03,9,1036,South,Alice,5,640
2023-08-23,17,1086,East,David,7,3101
2024-10-19,8,1090,North,David,4,1696
2024-08-10,2,1058,South,Bob,1,356
2023-01-09,13,1054,West,Cynthia,9,3150
2023-03-15,3,1012,East,Cynthia,4,960
2024-05-06,16,1081,East,David,9,1170
2023-09-10,6,1078,East,David,6,1992
2023-08-18,19,1014,East,Cynthia,1,323
2024-06-02,7,1034,West,Cynthia,3,945
2023-06-23,10,1053,North,Bob,2,276
2024-10-14,9,1020,East,Alice,9,1152
2023-06-17,2,1075,South,David,1,356
2023-06-19,15,1016,North,Cynthia,9,2286
2024-01-28,5,1095,East,David,9,909
2024-09-25,4,1070,North,David,8,3144
2023-07-13,20,1056,South,Cynthia,8,3192
2024-05-31,4,1083,East,Bob,1,393
2023-01-29,18,1058,South,David,8,1072
2023-06-14,4,1004,West,Bob,3,1179
2024-02-26,17,1004,East,Cynthia,7,3101
2023-12-05,12,1020,East,Alice,1,267
2024-10-09,17,1010,East,Alice,1,443
2024-05-10,10,1024,East,David,5,690
2023-12-31,1,1099,West,Cynthia,5,1355
2023-12-08,18,1026,East,Bob,8,1072
2024-05-14,18,1037,North,David,7,938
2024-10-18,14,1085,East,Cynthia,8,2152
2024-05-25,15,1054,West,Cynthia,6,1524
2023-11-23,12,1021,East,Bob,6,1602
2023-08-05,4,1074,North,David,2,786
2023-10-28,3,1038,West,Cynthia,6,1440
2023-05-12,20,1046,West,Cynthia,5,1995
2023-03-11,12,1004,North,Cynthia,3,801
2023-09-09,7,1060,North,Bob,6,1890
2024-02-19,11,1057,North,David,8,1992
2024-03-20,1,1045,North,David,9,2439
2023-07-01,6,1020,North,David,1,332
2023-06-16,15,1017,West,David,3,762
2023-04-01,15,1071,West,Alice,3,762
2024-12-14,19,1004,East,Alice,8,2584
2024-06-14,11,1093,East,David,1,249
2023-02-08,2,1014,South,Bob,5,1780
2023-05-06,14,1003,East,Alice,3,807
2024-03-26,2,1088,East,Cynthia,2,712
2023-06-22,4,1080,North,Alice,8,3144
2024-10-14,17,1058,North,Cynthia,3,1329
2023-08-08,3,1055,East,David,7,1680
2024-09-29,13,1004,South,Alice,1,350
2023-02-27,9,1024,North,Bob,6,768
2024-10-21,7,1034,East,Alice,3,945
2024-04-20,15,1030,East,Alice,8,2032
2024-03-31,11,1082,West,Alice,6,1494
2023-12-27,20,1019,South,David,2,798
2023-01-01,2,1031,West,Bob,6,2136
2024-01-22,15,1060,South,Alice,7,1778
2023-12-14,14,1060,North,Bob,5,1345
2023-07-09,20,1019,South,David,3,1197
2024-05-19,11,1049,East,Cynthia,4,996
2023-07-10,3,1063,East,Alice,4,960
2024-05-22,17,1083,South,Bob,6,2658
2024-01-04,12,1022,South,Bob,1,267
2024-02-13,15,1024,South,David,4,1016
2023-04-27,16,1076,West,Alice,4,520
2023-05-14,5,1030,South,Cynthia,1,101
2023-02-27,20,1058,North,Bob,9,3591
2024-07-09,6,1031,West,Alice,4,1328
2024-11-15,19,1100,West,Cynthia,7,2261
2024-11-02,5,1064,South,Bob,3,303
2023-06-22,3,1019,North,Bob,3,720
2023-05-29,1,1048,West,Cynthia,8,2168
2023-03-21,6,1045,East,Cynthia,8,2656
2023-08-01,15,1100,West,David,1,254
2023-07-22,2,1094,South,Alice,2,712
2023-08-17,3,1055,North,Alice,8,1920
2024-11-06,17,1055,South,David,1,443
2023-08-15,12,1097,East,Bob,8,2136
2024-10-20,18,1018,East,Cynthia,8,1072
2024-06-15,15,1063,East,Cynthia,2,508
2024-03-16,12,1092,South,Cynthia,4,1068
2024-02-06,16,1047,West,Bob,6,780
2023-02-16,8,1075,South,Cynthia,9,3816
2023-08-21,14,1057,North,Cynthia,8,2152
2023-11-01,17,1045,West,David,8,3544
2024-06-09,8,1033,East,Bob,7,2968
2023-05-23,15,1017,South,Alice,9,2286
2024-02-19,14,1070,East,David,2,538
2024-05-27,18,1004,East,David,3,402
2024-01-08,20,1020,North,Alice,8,3192
2024-07-19,7,1047,West,David,6,1890
2023-09-16,3,1091,North,Bob,9,2160
2024-10-17,12,1015,North,Cynthia,4,1068
2024-04-15,3,1070,North,Bob,8,1920
2023-01-12,20,1047,East,Alice,3,1197
2023-11-26,14,1078,North,Alice,3,807
2023-12-24,15,1075,North,David,8,2032
2024-02-12,14,1009,West,Bob,5,1345
2024-10-29,7,1090,West,Bob,3,945
2024-01-08,17,1016,North,Alice,1,443
2023-01-08,12,1069,West,Bob,3,801
2023-05-02,20,1061,West,Alice,9,3591
2023-12-14,4,1010,North,Bob,5,1965
2024-11-06,9,1050,East,Bob,2,256
2023-03-31,6,1003,North,Bob,7,2324
2024-10-09,16,1077,West,Alice,2,260
2024-11-28,2,1094,East,David,4,1424
2023-11-12,8,1070,South,Bob,7,2968
2023-06-27,11,1081,East,Alice,4,996
2024-06-23,13,1051,West,Alice,7,2450
2023-02-10,17,1019,East,Bob,7,3101
2024-12-04,8,1042,North,Bob,1,424
2024-05-16,18,1035,South,David,6,804
2023-05-25,18,1046,South,Alice,9,1206
2023-07-20,14,1026,South,Alice,2,538
2024-12-24,15,1069,West,Cynthia,3,762
2024-04-05,6,1093,West,Alice,5,1660
2024-07-11,11,1064,South,David,9,2241
2024-06-30,13,1037,East,Cynthia,4,1400
2023-09-10,1,1084,South,Cynthia,1,271
2024-01-25,6,1049,East,Cynthia,4,1328
2024-08-16,9,1021,East,Bob,6,768
2023-09-13,8,1074,West,Bob,5,2120
2024-12-09,11,1064,East,Alice,1,249
2024-03-25,19,1005,South,Cynthia,4,1292
2023-01-10,9,1100,West,David,6,768
2023-08-30,17,1070,North,Bob,4,1772
2023-09-08,12,1090,North,David,9,2403
2023-01-05,14,1004,West,David,5,1345
2023-04-29,15,1039,South,Bob,8,2032
2024-01-09,16,1035,North,Bob,9,1170
2023-03-06,20,1001,North,Bob,5,1995
2023-05-26,1,1024,East,Bob,6,1626
2023-08-12,10,1057,East,Cynthia,1,138
2023-08-27,8,1100,South,Cynthia,7,2968
2023-06-26,18,1070,West,Cynthia,4,536
2023-10-09,1,1041,South,Cynthia,2,542
2023-03-04,2,1054,West,Alice,5,1780
2023-08-05,1,1046,North,Cynthia,3,813
2024-11-19,1,1060,East,Bob,6,1626
2024-04-05,9,1060,South,David,8,1024
2024-09-01,13,1057,South,Cynthia,7,2450
2023-04-15,1,1031,West,Alice,3,813
2023-04-09,13,1084,West,Bob,8,2800
2024-05-25,20,1024,South,David,2,798
2024-01-20,7,1089,West,David,9,2835
2024-02-09,2,1036,South,Cynthia,4,1424
2024-06-01,6,1085,South,David,1,332
2024-04-20,7,1030,South,Cynthia,8,2520
2024-12-09,14,1024,North,Cynthia,7,1883
2024-10-06,18,1030,West,Bob,5,670
2024-03-12,15,1086,East,Bob,5,1270
2023-01-23,2,1092,East,Alice,7,2492
2024-07-18,10,1007,West,Bob,5,690
2024-11-07,12,1035,South,Bob,8,2136
2024-12-14,17,1055,East,Cynthia,6,2658
2024-04-02,8,1092,East,Bob,5,2120
2023-03-24,11,1014,West,Cynthia,9,2241
2023-05-25,3,1010,East,Cynthia,2,480
2023-03-26,6,1080,South,Bob,1,332
2023-03-19,9,1016,West,Alice,8,1024
2024-04-01,6,1054,South,Alice,3,996
2023-01-01,9,1095,East,David,7,896
2023-02-20,7,1089,East,David,8,2520
2024-11-15,9,1077,South,Bob,6,768
2024-12-17,18,1070,North,Alice,9,1206
2024-03-21,12,1044,East,Cynthia,7,1869
2024-03-24,8,1073,North,David,5,2120
2024-05-02,8,1045,East,Cynthia,8,3392
2023-02-03,18,1100,North,David,2,268
2023-12-14,20,1056,North,Bob,7,2793
2023-04-05,15,1084,North,Alice,4,1016
2023-03-13,7,1082,South,David,9,2835
2024-07-04,11,1057,North,Alice,1,249
2023-06-03,20,1021,North,Cynthia,7,2793
2023-09-07,16,1068,North,Bob,6,780
2024-11-04,4,1050,East,Alice,8,3144
2024-03-13,6,1033,North,Bob,5,1660
2023-04-28,3,1091,East,Alice,1,240
2023-11-02,9,1007,North,Cynthia,1,128
2023-09-25,10,1070,North,Cynthia,9,1242
2023-02-23,14,1015,South,Bob,6,1614
2023-08-24,11,1082,East,Cynthia,5,1245
2024-01-24,18,1032,North,David,1,134
2024-02-05,12,1075,East,Alice,6,1602
2024-09-15,12,1020,East,Cynthia,6,1602
2023-10-30,13,1088,West,David,3,1050
2023-07-26,13,1015,South,Bob,8,2800
2023-08-17,19,1048,South,David,1,323
2024-07-31,19,1071,South,Bob,1,323
2023-03-16,14,1021,West,Bob,6,1614
2024-03-10,4,1042,West,Alice,1,393
2023-04-13,13,1026,South,Alice,6,2100
2024-02-26,8,1014,West,David,1,424
2024-12-04,19,1057,West,Alice,6,1938
2023-11-02,12,1037,West,Alice,3,801
2023-04-08,18,1058,South,Alice,8,1072
2023-12-01,6,1021,South,David,6,1992
2024-03-10,18,1082,South,Cynthia,1,134
2024-03-22,19,1069,West,Alice,5,1615
2023-11-04,5,1003,South,Alice,8,808
2023-09-06,9,1087,West,David,3,384
2023-06-15,3,1090,North,Cynthia,6,1440
2024-04-25,10,1037,West,Alice,5,690
2023-12-01,19,1088,East,Bob,6,1938
2024-06-25,3,1049,South,David,1,240
2023-04-16,15,1019,South,Alice,7,1778
2024-07-16,1,1089,East,Alice,9,2439
2023-03-22,7,1085,West,Bob,2,630
2023-05-13,12,1012,North,Bob,5,1335
2023-05-18,17,1061,East,David,4,1772
2023-07-03,20,1041,East,David,6,2394
2024-02-05,5,1033,West,Bob,6,606
2023-11-26,4,1050,South,David,2,786
2024-05-22,12,1068,West,Bob,2,534
2023-03-10,20,1071,East,Alice,4,1596
2024-06-29,18,1086,East,Bob,1,134
2023-02-22,17,1033,South,Bob,9,3987
2024-03-25,19,1081,South,Cynthia,7,2261
2023-07-24,9,1024,South,Bob,7,896
2023-05-06,4,1061,West,Bob,3,1179
2023-02-12,2,1061,South,Cynthia,3,1068
2023-04-21,4,1098,East,David,1,393
2024-10-24,2,1028,East,Cynthia,3,1068
2023-07-02,15,1058,North,Alice,3,762
2023-04-05,2,1043,West,Cynthia,4,1424
2024-01-09,4,1041,North,Alice,4,1572
2024-06-03,6,1039,East,David,3,996
2023-12-26,7,1086,North,Cynthia,8,2520
2024-11-26,10,1049,East,Cynthia,8,1104
2023-10-08,19,1017,North,David,1,323
2023-07-14,19,1098,South,Alice,7,2261
2023-07-14,12,1070,North,Cynthia,2,534
2024-10-28,3,1070,South,Alice,1,240
2023-04-03,13,1098,South,Cynthia,3,1050
2024-11-02,18,1065,West,Bob,4,536
2023-03-02,8,1074,South,Cynthia,6,2544
2024-09-25,15,1085,South,David,5,1270
2023-02-20,1,1005,North,David,4,1084
2024-02-07,3,1002,East,Alice,8,1920
2023-01-05,8,1022,West,Cynthia,4,1696
2024-04-10,4,1057,South,Alice,2,786
2024-08-26,16,1066,West,Alice,3,390
2024-11-12,10,1074,North,Bob,6,828
2024-06-17,12,1098,South,Bob,8,2136
2024-02-09,14,1016,North,David,8,2152
2024-05-27,14,1051,West,Alice,9,2421
2024-10-06,2,1039,North,David,7,2492
2023-08-21,5,1086,West,Cynthia,2,202
2024-06-07,5,1076,North,Alice,8,808
2023-12-12,6,1088,West,Alice,7,2324
2023-02-15,13,1040,East,Cynthia,8,2800
2024-06-29,9,1038,North,Cynthia,3,384
2023-03-19,15,1060,North,David,7,1778
2024-12-30,14,1059,East,David,9,2421
2023-03-14,7,1010,East,Cynthia,3,945
2023-09-06,20,1099,North,David,6,2394
2023-02-16,2,1064,East,Cynthia,2,712
2023-05-01,7,1063,South,Alice,2,630
2023-08-02,6,1049,West,Alice,5,1660
2023-08-27,17,1064,West,Bob,5,2215
2023-02-25,2,1032,West,Alice,7,2492
2023-12-16,3,1007,South,Cynthia,2,480
2023-04-17,5,1021,East,David,7,707
2023-02-17,5,1020,East,Bob,5,505
2024-07-26,1,1026,North,David,6,1626
2023-12-03,8,1068,East,Cynthia,8,3392
2023-01-26,12,1086,North,Alice,4,1068
2023-09-14,4,1015,South,Bob,7,2751
2023-01-08,13,1085,West,Cynthia,6,2100
2024-09-16,15,1079,West,Bob,2,508
2023-09-10,11,1086,West,Bob,8,1992
2024-11-22,10,1092,East,Alice,9,1242
2024-12-19,3,1014,North,Cynthia,5,1200
2023-10-30,14,1027,North,David,4,1076
2024-09-30,16,1040,South,Bob,6,780
2023-02-25,10,1058,East,Bob,8,1104
2024-12-26,10,1028,South,David,3,414
2024-06-09,12,1026,North,Cynthia,1,267
2024-04-18,9,1063,North,Bob,4,512
2023-01-28,1,1066,West,Bob,4,1084
2023-03-19,5,1025,East,Bob,1,101
2023-08-04,20,1003,North,Cynthia,9,3591
2024-01-21,8,1072,West,Cynthia,3,1272
2023-12-31,11,1044,East,David,5,1245
2024-10-27,12,1097,South,Cynthia,6,1602
2024-06-09,1,1042,East,Cynthia,8,2168
2024-11-29,20,1099,East,Alice,6,2394
2023-11-08,11,1006,North,David,3,747
2023-01-07,5,1039,North,Bob,6,606
2023-01-03,15,1052,East,Cynthia,1,254
2024-09-14,5,1023,North,Bob,4,404
2023-12-29,12,1089,North,Bob,6,1602
2024-05-22,5,1050,North,Alice,7,707
2023-10-01,17,1043,West,Cynthia,3,1329
2024-05-20,17,1019,West,David,9,3987
2023-01-15,12,1069,East,Cynthia,7,1869
2023-07-11,15,1051,North,Bob,1,254
2024-09-22,15,1011,West,David,2,508
2024-04-29,6,1012,East,Cynthia,1,332
2023-01-28,12,1074,North,Bob,9,2403
2024-12-14,20,1008,South,Bob,9,3591
2023-02-08,18,1024,North,Alice,7,938
2023-09-30,14,1092,North,Alice,3,807
2023-08-19,2,1041,West,Alice,5,1780
2023-03-27,9,1036,East,Bob,4,512
2024-04-18,5,1085,East,Cynthia,7,707
2023-05-06,20,1072,West,Alice,9,3591
2024-06-20,1,1055,North,Cynthia,2,542
2023-05-25,3,1009,South,Alice,8,1920
2024-06-08,6,1047,North,David,9,2988
2023-07-31,5,1015,North,David,9,909
2023-01-25,5,1048,South,Alice,7,707
2024-08-02,1,1082,West,Bob,9,2439
2024-01-29,17,1042,East,Alice,9,3987
2023-03-08,19,1060,West,Alice,3,969
2023-08-21,14,1084,West,Bob,4,1076
2023-04-19,12,1070,North,David,2,534
2023-05-26,10,1012,East,Cynthia,3,414
2023-04-21,20,1002,East,Alice,5,1995
2023-08-16,18,1007,West,Bob,5,670
2023-04-21,11,1080,South,Alice,6,1494
2024-04-14,2,1003,West,Bob,7,2492
2023-02-03,18,1003,South,Cynthia,7,938
2024-09-14,7,1027,East,Cynthia,1,315
2024-01-04,15,1040,West,David,2,508
2024-08-17,11,1033,North,Bob,9,2241
2024-07-07,18,1092,West,Bob,2,268
2024-02-29,12,1001,East,David,6,1602
2024-09-04,6,1008,North,David,1,332
2024-06-01,20,1032,North,Bob,3,1197
2024-11-22,13,1048,South,David,2,700
2023-10-09,20,1004,North,Cynthia,3,1197
2023-11-16,16,1094,North,Alice,5,650
2024-03-18,18,1070,West,Cynthia,6,804
2023-11-11,10,1019,East,David,9,1242
2024-01-12,8,1032,South,Bob,4,1696
2023-10-16,18,1009,West,Bob,7,938
2024-03-12,1,1012,North,Cynthia,6,1626
2024-10-23,8,1011,North,Bob,2,848
2023-10-04,6,1046,South,David,8,2656
2024-12-10,5,1016,East,Cynthia,7,707
2024-08-04,15,1001,South,Bob,7,1778
2024-05-17,15,1063,West,Alice,8,2032
2024-09-15,2,1021,South,Alice,1,356
2024-05-30,1,1030,North,David,1,271
2023-12-16,11,1013,West,Bob,8,1992
2024-03-21,10,1034,North,David,4,552
2023-12-16,18,1004,East,Cynthia,5,670
2024-08-29,18,1028,North,Alice,8,1072
2024-10-25,17,1095,North,Cynthia,5,2215
2023-05-17,8,1059,South,Bob,4,1696
2023-08-31,15,1027,North,David,6,1524
2024-06-26,8,1069,West,David,5,2120
2023-02-09,17,1025,West,David,7,3101
2023-08-17,12,1003,East,Cynthia,7,1869
2024-07-01,8,1097,West,Alice,4,1696
2023-08-11,14,1068,South,Cynthia,5,1345
2023-01-06,4,1025,East,Cynthia,3,1179
2023-11-18,1,1020,West,Bob,4,1084
2024-04-12,1,1034,South,Bob,4,1084
2023-03-16,19,1026,West,Bob,3,969
2023-01-04,16,1005,West,Alice,5,650
2024-10-07,14,1099,North,Alice,5,1345
2023-04-28,16,1061,West,Bob,7,910
2024-08-28,5,1092,West,Bob,4,404
2024-05-18,9,1093,South,Alice,4,512
2024-07-27,2,1009,South,David,9,3204
2024-03-16,18,1050,North,Alice,6,804
2023-07-13,6,1006,West,Alice,4,1328
2024-12-15,9,1083,North,Alice,2,256
2024-01-27,1,1060,West,Bob,6,1626
2023-01-26,9,1044,East,David,2,256
2024-03-10,16,1011,East,Alice,5,650
2023-06-22,13,1066,North,Bob,6,2100
2023-10-27,9,1047,North,Cynthia,4,512
2024-10-06,13,1073,North,Cynthia,3,1050
2023-11-22,9,1085,South,Alice,7,896
2024-02-14,11,1088,South,Cynthia,2,498
2023-04-28,4,1098,South,David,6,2358
2024-12-24,2,1086,North,Cynthia,4,1424
2023-08-13,6,1003,West,Cynthia,6,1992
2024-06-15,14,1076,East,David,4,1076
2023-04-23,4,1092,North,Alice,4,1572
2023-05-20,6,1030,South,Alice,4,1328
2024-07-12,19,1090,South,David,9,2907
2023-01-01,6,1021,North,David,7,2324
2023-03-31,2,1028,North,David,3,1068
2024-10-15,18,1090,South,Cynthia,3,402
2023-11-16,13,1062,West,David,6,2100
2024-07-03,9,1033,South,Bob,6,768
2023-05-19,19,1085,South,Cynthia,4,1292
2024-05-25,13,1035,North,Alice,9,3150
2023-09-16,11,1052,West,Alice,4,996
2024-11-03,1,1034,South,Alice,9,2439
2024-11-20,7,1041,South,Cynthia,4,1260
2023-01-10,15,1051,East,Bob,2,508
2023-09-18,1,1047,North,David,2,542
2024-10-11,12,1082,East,David,5,1335
2023-06-21,7,1058,East,Alice,4,1260
2023-01-13,15,1075,South,Alice,7,1778
2023-06-17,19,1057,North,Cynthia,5,1615
2024-10-03,1,1023,West,Bob,6,1626
2024-08-18,17,1048,South,David,4,1772
2023-11-17,17,1022,West,Cynthia,2,886
2023-11-15,3,1017,West,David,9,2160
2024-09-04,12,1069,North,Alice,7,1869
2023-11-25,6,1011,East,David,4,1328
2024-07-03,11,1094,North,Bob,3,747
2024-02-23,3,1015,West,Bob,3,720
2024-08-28,8,1091,South,Alice,9,3816
2023-04-05,14,1035,West,Bob,5,1345
2024-08-03,14,1033,South,Bob,3,807
2023-11-14,10,1084,South,Cynthia,5,690
2023-08-24,2,1016,North,David,2,712
2023-11-30,14,1034,West,Alice,4,1076
2024-01-11,9,1066,East,Alice,2,256
2024-04-03,3,1099,West,Alice,2,480
2023-05-17,8,1040,West,Alice,8,3392
2024-08-10,16,1028,East,Alice,1,130
2024-06-30,2,1047,North,Bob,7,2492
2024-05-27,6,1039,West,Cynthia,5,1660
2023-10-23,12,1070,West,Alice,8,2136
2023-11-16,5,1073,South,Cynthia,1,101
2024-07-25,2,1020,West,Cynthia,7,2492
2023-12-15,16,1001,East,Bob,5,650
2023-08-17,5,1072,South,Alice,4,404
2023-09-27,15,1087,North,Bob,7,1778
2023-10-18,12,1063,South,Alice,2,534
2024-12-25,4,1067,East,Bob,1,393
2023-06-14,15,1004,East,Cynthia,1,254
2023-01-05,11,1058,South,Alice,1,249
2024-01-14,16,1025,North,David,5,650
2023-03-19,6,1047,South,Cynthia,7,2324
2024-02-14,14,1038,North,David,2,538
2024-07-27,18,1015,South,Cynthia,8,1072
2023-05-12,12,1063,East,Bob,4,1068
2024-08-23,11,1021,West,Alice,3,747
2023-02-11,13,1099,West,Cynthia,8,2800
2023-03-30,11,1057,North,Bob,2,498
2024-02-06,16,1053,North,Alice,3,390
2023-10-23,15,1046,North,Alice,3,762
2023-10-22,15,1014,East,Cynthia,1,254
2024-09-07,4,1100,South,Alice,6,2358
2024-06-09,11,1076,East,Cynthia,2,498
2024-11-21,19,1017,West,Alice,1,323
2024-09-28,15,1039,North,David,2,508
2024-02-26,4,1009,South,Bob,6,2358
2023-01-23,13,1099,West,David,4,1400
2024-07-28,19,1077,West,Cynthia,6,1938
2023-05-23,2,1079,West,David,9,3204
2024-10-26,14,1082,East,Cynthia,8,2152
2023-05-25,4,1097,North,Alice,1,393
2023-08-13,16,1006,West,Alice,8,1040
2024-05-17,20,1091,North,Cynthia,9,3591
2024-09-07,14,1023,East,David,6,1614
2023-04-14,15,1059,West,Alice,5,1270
2023-02-08,3,1091,East,Bob,6,1440
2023-07-17,8,1098,East,Alice,6,2544
2024-10-07,16,1046,North,Bob,9,1170
2024-08-01,10,1038,West,David,4,552
2024-01-26,4,1014,East,Bob,2,786
2023-06-28,18,1100,West,Bob,9,1206
2024-07-07,2,1072,North,Bob,2,712
2024-03-23,17,1062,East,Bob,9,3987
2024-05-14,13,1035,North,Alice,2,700
2023-01-15,4,1019,West,Bob,8,3144
2024-09-14,11,1030,West,Alice,9,2241
2024-10-30,7,1078,North,Bob,9,2835
2023-10-16,12,1084,South,Cynthia,9,2403
2024-04-22,10,1025,East,David,2,276
2023-08-19,7,1040,West,Bob,4,1260
2024-02-24,13,1088,West,Cynthia,7,2450
2023-06-06,7,1014,East,Bob,2,630
2024-07-03,17,1026,North,Bob,1,443
2024-03-16,10,1087,North,Bob,3,414
2023-04-07,10,1022,North,Cynthia,4,552
2024-02-15,4,1048,South,David,8,3144
2023-10-16,20,1083,South,Cynthia,6,2394
2023-09-11,4,1051,West,David,2,786
2023-07-15,7,1003,North,Bob,9,2835
2024-08-20,1,1042,East,Alice,2,542
2024-06-05,12,1019,West,Bob,5,1335
2024-05-31,13,1073,East,David,4,1400
2024-09-26,10,1028,West,Cynthia,7,966
2023-04-28,15,1084,South,Bob,8,2032
2023-06-08,13,1045,West,Cynthia,5,1750
2023-08-16,9,1071,South,Cynthia,5,640
2023-08-04,9,1078,West,Cynthia,2,256
2024-11-26,15,1063,North,Bob,8,2032
2023-01-15,10,1073,East,Cynthia,2,276
2023-06-06,10,1019,North,Cynthia,6,828
2024-10-09,8,1047,West,Bob,8,3392
2023-09-18,16,1014,West,Cynthia,6,780
2023-06-06,17,1038,West,Bob,4,1772
2023-02-16,5,1053,South,David,4,404
2023-11-20,4,1061,East,David,6,2358
2024-11-15,18,1036,East,David,4,536
2023-05-10,19,1040,West,Cynthia,8,2584
2024-02-15,4,1081,West,Alice,9,3537
2023-04-05,7,1030,South,Alice,1,315
2024-09-18,10,1009,North,Cynthia,4,552
2023-10-19,18,1064,North,Alice,4,536
2023-10-10,19,1033,East,Bob,2,646
2023-03-10,4,1052,South,Alice,6,2358
2024-10-21,10,1089,West,Cynthia,3,414
2023-01-11,1,1014,East,Cynthia,7,1897
2023-09-11,18,1075,South,Bob,5,670
2024-07-03,5,1053,North,David,4,404
2023-05-14,15,1099,South,Cynthia,5,1270
2024-12-12,17,1059,North,Bob,8,3544
2023-01-23,3,1078,South,Alice,3,720
2023-12-12,12,1094,East,Alice,7,1869
2023-10-29,2,1041,North,Bob,6,2136
2023-12-29,1,1068,East,Bob,1,271
2024-01-31,17,1068,East,Cynthia,7,3101
2023-08-06,16,1092,North,Alice,7,910
2023-05-21,5,1008,North,Bob,1,101
2024-09-07,15,1002,West,Alice,9,2286
2023-07-29,3,1086,West,Bob,6,1440
2024-09-14,7,1041,West,Alice,2,630
2024-09-07,11,1055,East,David,5,1245
2024-11-13,10,1016,East,Cynthia,4,552
2024-04-04,9,1093,West,Alice,7,896
2023-12-22,14,1062,East,David,8,2152
2023-11-20,13,1048,East,Alice,1,350
2023-05-13,2,1030,North,Alice,5,1780
2023-05-07,3,1012,North,David,3,720
2023-04-16,7,1035,East,Alice,1,315
2024-08-26,18,1011,West,Alice,3,402
2024-01-13,3,1064,South,Cynthia,6,1440
2023-02-20,10,1050,West,David,7,966
2023-01-29,7,1085,South,David,8,2520
2024-04-06,9,1021,West,Bob,4,512
2023-10-23,17,1069,North,Alice,3,1329
2023-10-24,11,1048,East,Cynthia,5,1245
2024-12-26,7,1020,East,Alice,9,2835
2024-02-11,14,1067,North,Alice,6,1614
2024-09-04,19,1044,South,Bob,9,2907
2024-02-09,4,1033,South,Alice,6,2358
2023-12-12,6,1073,South,Cynthia,2,664
2024-09-13,10,1061,North,Cynthia,5,690
2024-02-24,7,1009,South,Bob,9,2835
2023-07-01,13,1068,North,Alice,8,2800
2023-01-01,14,1035,West,Cynthia,7,1883
2024-07-20,4,1081,West,Alice,1,393
2024-01-06,8,1098,North,Alice,4,1696
2024-10-22,5,1088,East,Alice,7,707
2024-03-06,1,1096,West,Bob,7,1897
2023-11-05,4,1065,South,Alice,6,2358
2023-05-17,3,1008,North,Cynthia,8,1920
2023-07-21,9,1045,South,Alice,6,768
2024-03-11,8,1087,South,Cynthia,3,1272
2023-11-09,1,1047,East,Alice,4,1084
2023-04-27,6,1040,South,Cynthia,3,996
2024-10-27,9,1076,East,Cynthia,1,128
2024-07-28,7,1054,West,Alice,5,1575
2023-09-01,4,1076,North,Alice,1,393
2024-06-20,13,1046,South,Cynthia,1,350
2024-08-24,17,1047,North,David,2,886
2023-03-16,2,1015,South,Bob,4,1424
2024-01-21,5,1019,North,David,6,606
2023-07-29,12,1026,South,David,8,2136
2024-04-19,8,1052,South,Alice,3,1272
2024-02-22,6,1093,South,Bob,1,332
2023-12-13,8,1022,South,David,3,1272
2024-06-12,18,1021,South,Alice,3,402
2024-10-01,3,1051,South,David,5,1200
2023-06-28,12,1038,South,David,4,1068
2023-07-01,3,1020,South,Alice,4,960
2024-10-25,6,1029,South,Alice,9,2988
2023-01-25,2,1051,North,Alice,7,2492
2023-06-29,12,1004,East,Bob,4,1068
2024-12-10,2,1055,South,David,3,1068
2024-05-15,6,1071,East,Alice,6,1992
2023-06-10,17,1092,South,Cynthia,3,1329
2023-06-26,3,1028,South,David,6,1440
2023-10-12,2,1004,North,Cynthia,9,3204
2023-03-04,20,1022,West,Bob,6,2394
2024-10-23,8,1076,West,Alice,4,1696
2024-10-27,12,1045,North,Cynthia,5,1335
2023-06-05,4,1067,East,Bob,6,2358
2024-04-13,5,1086,West,Alice,3,303
2023-02-18,13,1066,North,Cynthia,8,2800
2023-03-25,15,1088,North,Cynthia,4,1016
2023-12-27,16,1034,West,Bob,8,1040
2024-11-19,10,1091,East,Alice,3,414
2023-05-28,16,1055,North,Alice,7,910
2024-09-21,12,1001,South,Cynthia,9,2403
2023-12-08,17,1072,East,Cynthia,4,1772
2024-04-20,16,1087,East,Cynthia,8,1040
2023-03-04,12,1038,West,Alice,3,801
2024-12-01,8,1006,West,Bob,7,2968
2023-12-26,20,1086,South,Bob,3,1197
2024-07-14,3,1025,North,Alice,7,1680
2023-11-23,16,1082,West,David,6,780
2023-05-21,13,1017,West,Bob,2,700
2023-08-03,19,1061,East,Cynthia,3,969
2024-03-10,8,1012,West,David,6,2544
2024-12-23,5,1006,West,David,4,404
2023-11-14,20,1090,West,Bob,6,2394
2023-02-01,8,1027,West,David,1,424
2024-10-31,12,1008,East,David,1,267
2023-10-12,1,1083,South,Bob,3,813
2023-11-01,20,1065,South,Bob,8,3192
2024-03-04,6,1057,North,David,8,2656
2024-04-21,18,1093,West,Cynthia,4,536
2023-10-13,8,1099,East,Alice,6,2544
2023-05-24,7,1040,North,David,8,2520
2024-02-28,1,1014,North,David,7,1897
2023-01-19,16,1035,South,Cynthia,7,910
2023-01-18,12,1048,East,David,4,1068
2024-08-12,6,1084,East,David,9,2988
2024-01-06,20,1056,East,Alice,6,2394
2023-06-24,2,1049,South,Alice,3,1068
2023-07-13,14,1013,South,Alice,5,1345
2024-05-16,4,1061,South,Bob,5,1965
2023-04-23,1,1049,South,Bob,5,1355
2023-04-24,18,1046,South,Alice,8,1072
2023-08-10,13,1062,West,Alice,9,3150
2024-11-08,2,1008,West,Bob,9,3204
2024-10-05,9,1043,East,Cynthia,6,768
2023-09-21,2,1020,North,David,6,2136
2023-02-24,9,1097,East,David,9,1152
2024-10-04,1,1090,North,Alice,4,1084
2024-04-02,11,1039,South,Cynthia,6,1494
2023-06-11,3,1085,North,Bob,4,960
2024-01-15,20,1049,East,Alice,1,399
2023-03-28,4,1064,East,Cynthia,7,2751
2023-02-24,18,1062,North,Cynthia,6,804
2024-04-20,6,1054,West,Cynthia,9,2988
2023-06-27,3,1009,South,Bob,7,1680
2024-01-26,11,1088,South,Bob,7,1743
2023-12-15,15,1037,East,David,2,508
2023-01-08,5,1049,West,David,9,909
2023-11-09,20,1041,North,Cynthia,9,3591
2024-03-18,10,1017,South,Cynthia,6,828
2023-11-24,12,1088,West,Bob,3,801
2023-02-23,15,1021,South,David,1,254
2023-08-27,17,1051,West,Cynthia,4,1772
2023-08-17,10,1059,West,David,3,414
2024-08-01,6,1039,East,David,1,332
2023-02-20,18,1055,South,Cynthia,3,402
2024-08-31,13,1041,North,Bob,4,1400
